pk,countryCode,countryDesc,holidayDate,holidayDesc
cn20230101,cn,china,2023-01-01,xxxx
cn20230102,cn,china,2023-01-02,xxxx
cn20230103,cn,china,2023-01-03,xxxx
cn20230104,cn,china,2023-01-04,xxxx
cn20230105,cn,china,2023-01-05,xxxx
cn20230106,cn,china,2023-01-06,xxxx
cn20230107,cn,china,2023-01-07,xxxx
cn20230108,cn,china,2023-01-08,xxxx
cn20230109,cn,china,2023-01-09,xxxx
us20230101,us,united states,2023-01-01,xxxx
us20230102,us,united states,2023-01-02,xxxx
us20230103,us,united states,2023-01-03,xxxx
us20230104,us,united states,2023-01-04,xxxx
us20230105,us,united states,2023-01-05,xxxx
us20230106,us,united states,2023-01-06,xxxx
us20230107,us,united states,2023-01-07,xxxx
us20230108,us,united states,2023-01-08,xxxx
us20230109,us,united states,2023-01-09,xxxx
us20230110,us,united states,2023-01-10,xxxx
us20230111,us,united states,2023-01-11,xxxx
uk20230101,uk,united kingdom,2023-01-01,xxxx
uk20230102,uk,united kingdom,2023-01-02,xxxx
uk20230103,uk,united kingdom,2023-01-03,xxxx
uk20230104,uk,united kingdom,2023-01-04,xxxx
uk20230105,uk,united kingdom,2023-01-05,xxxx
uk20230106,uk,united kingdom,2023-01-06,xxxx
uk20230107,uk,united kingdom,2023-01-07,xxxx
uk20230108,uk,united kingdom,2023-01-08,xxxx
uk20230109,uk,united kingdom,2023-01-09,xxxx
uk20230110,uk,united kingdom,2023-01-10,xxxx
uk20230111,uk,united kingdom,2023-01-11,xxxx
uk20230112,uk,united kingdom,2023-01-12,xxxx
uk20230113,uk,united kingdom,2023-01-13,xxxx
uk20230114,uk,united kingdom,2023-01-14,xxxx
uk20230115,uk,united kingdom,2023-01-15,xxxx
